{"cameraMode":{"drawMode":0,"name":"Shaded","section":"Shading Mode"},"sceneLighting":true,"audioPlay":false,"sceneViewState":{"m_AlwaysRefresh":false,"showFog":true,"showSkybox":true,"showFlares":true,"showImageEffects":true,"showParticleSystems":true,"showVisualEffectGraphs":true,"m_FxEnabled":true},"in2DMode":false,"pivot":{"x":0.051157087087631229,"y":1.3366533517837525,"z":0.22031813859939576},"rotation":{"x":0.011269698850810528,"y":-0.9793906807899475,"z":0.19343894720077516,"w":0.057060807943344119},"size":2.0336649417877199,"orthographic":true}